{
    "vocalist_l1_Adele": {
        "voiced_positions": {
            "mean": 336.5038018286193,
            "std": 100.2148774476881,
            "median": 332.98363792619296,
            "min": 59.99838412340723,
            "max": 1099.849325287837
        },
        "total_positions": {
            "mean": 231.79366581704338,
            "std": 176.6042850107386,
            "median": 273.2844263775394,
            "min": 0.0,
            "max": 1099.849325287837
        }
    },
    "vocalist_l1_Beyonce": {
        "voiced_positions": {
            "mean": 357.5678927636881,
            "std": 130.1132620135807,
            "median": 318.2981879228934,
            "min": 70.29719673914867,
            "max": 1050.354470112099
        },
        "total_positions": {
            "mean": 267.5248026267327,
            "std": 191.71600807951046,
            "median": 261.91981963774066,
            "min": 0.0,
            "max": 1050.354470112099
        }
    },
    "vocalist_l1_BrunoMars": {
        "voiced_positions": {
            "mean": 330.92612740814315,
            "std": 86.51034158515388,
            "median": 324.65585832605217,
            "min": 58.74277302450286,
            "max": 999.2818302992808
        },
        "total_positions": {
            "mean": 237.26076288057826,
            "std": 166.09898203490803,
            "median": 286.3097386522132,
            "min": 0.0,
            "max": 999.2818302992808
        }
    },
    "vocalist_l1_JohnMayer": {
        "voiced_positions": {
            "mean": 218.3531239166661,
            "std": 77.89887175223768,
            "median": 200.19060542586652,
            "min": 53.371912740674716,
            "max": 1098.1986774161685
        },
        "total_positions": {
            "mean": 112.95331907131244,
            "std": 122.65534824070893,
            "median": 124.71389285965317,
            "min": 0.0,
            "max": 1098.1986774161685
        }
    },
    "vocalist_l1_MichaelJackson": {
        "voiced_positions": {
            "mean": 293.4663654519906,
            "std": 89.02211325650234,
            "median": 284.4323483619402,
            "min": 61.14507754070825,
            "max": 1096.4247902272325
        },
        "total_positions": {
            "mean": 172.1013565770682,
            "std": 159.79551912957191,
            "median": 212.82938711725973,
            "min": 0.0,
            "max": 1096.4247902272325
        }
    },
    "vocalist_l1_TaylorSwift": {
        "voiced_positions": {
            "mean": 302.5346928039029,
            "std": 87.1724728626562,
            "median": 286.91670244246586,
            "min": 51.31173137207717,
            "max": 1098.9374311806605
        },
        "total_positions": {
            "mean": 169.90968097339214,
            "std": 163.7133164876362,
            "median": 220.90943653386546,
            "min": 0.0,
            "max": 1098.9374311806605
        }
    },
    "vocalist_l1_张学友": {
        "voiced_positions": {
            "mean": 233.6845479691867,
            "std": 66.47140810463938,
            "median": 228.28695118043396,
            "min": 51.65338480121057,
            "max": 1094.4381927885959
        },
        "total_positions": {
            "mean": 167.79543637603194,
            "std": 119.28338415844308,
            "median": 194.81504136428546,
            "min": 0.0,
            "max": 1094.4381927885959
        }
    },
    "vocalist_l1_李健": {
        "voiced_positions": {
            "mean": 234.98401896504657,
            "std": 71.3955175177514,
            "median": 221.86415264367847,
            "min": 54.070687769392585,
            "max": 1096.3342286660531
        },
        "total_positions": {
            "mean": 148.74760079412246,
            "std": 126.70486473504008,
            "median": 180.21374566147688,
            "min": 0.0,
            "max": 1096.3342286660531
        }
    },
    "vocalist_l1_汪峰": {
        "voiced_positions": {
            "mean": 284.27752567207864,
            "std": 78.51774150654873,
            "median": 278.26186808969493,
            "min": 54.30945929095861,
            "max": 1053.6870553733015
        },
        "total_positions": {
            "mean": 172.41584497486713,
            "std": 151.74272125914902,
            "median": 216.27534661524862,
            "min": 0.0,
            "max": 1053.6870553733015
        }
    },
    "vocalist_l1_王菲": {
        "voiced_positions": {
            "mean": 339.1661679865587,
            "std": 86.86768172635271,
            "median": 327.4151031268507,
            "min": 51.21299842481366,
            "max": 1096.7044574066776
        },
        "total_positions": {
            "mean": 217.726880186,
            "std": 176.8748978138034,
            "median": 277.8608050501477,
            "min": 0.0,
            "max": 1096.7044574066776
        }
    },
    "vocalist_l1_石倚洁": {
        "voiced_positions": {
            "mean": 279.67710779262256,
            "std": 87.82306577322389,
            "median": 271.13024912248443,
            "min": 59.604772357481075,
            "max": 1098.0574674417153
        },
        "total_positions": {
            "mean": 205.49634806008135,
            "std": 144.6064344590865,
            "median": 234.19454400899718,
            "min": 0.0,
            "max": 1098.0574674417153
        }
    },
    "vocalist_l1_蔡琴": {
        "voiced_positions": {
            "mean": 258.9105806499278,
            "std": 67.4079737418162,
            "median": 250.29778287949176,
            "min": 54.81875790199644,
            "max": 930.3733192171918
        },
        "total_positions": {
            "mean": 197.64675891035662,
            "std": 124.80889987119957,
            "median": 228.14775033720753,
            "min": 0.0,
            "max": 930.3733192171918
        }
    },
    "vocalist_l1_那英": {
        "voiced_positions": {
            "mean": 358.98655838013195,
            "std": 91.30591323348871,
            "median": 346.95185476261275,
            "min": 71.62879029165369,
            "max": 1085.4349856526985
        },
        "total_positions": {
            "mean": 243.83317702162077,
            "std": 183.68660712060583,
            "median": 294.9745603259994,
            "min": 0.0,
            "max": 1085.4349856526985
        }
    },
    "vocalist_l1_陈奕迅": {
        "voiced_positions": {
            "mean": 222.0124146654594,
            "std": 68.65002654904572,
            "median": 218.9200565540147,
            "min": 50.48503062529368,
            "max": 1084.6336454006018
        },
        "total_positions": {
            "mean": 154.2275169157727,
            "std": 117.16740631313343,
            "median": 176.89315636838086,
            "min": 0.0,
            "max": 1084.6336454006018
        }
    },
    "vocalist_l1_陶喆": {
        "voiced_positions": {
            "mean": 242.58206762395713,
            "std": 69.61805791083957,
            "median": 227.5222796096177,
            "min": 50.44809060945403,
            "max": 1098.4942623171203
        },
        "total_positions": {
            "mean": 171.59040988406485,
            "std": 124.93911390018495,
            "median": 204.4328861811408,
            "min": 0.0,
            "max": 1098.4942623171203
        }
    }
}